binning,bins_number,empirical_var,filename,form_factor_name,normalization_on,px_number,px_size,q_max,q_min,return_unique,rg,sample_detector_distance,sigma_x,sigma_y,variance,wavelength
False,1000,0.00019471013313854257,sim_000_rg2_variance0.000_sigma_x1_sigma_y1.csv,guinier_ff,True,"[500, 500]",0.075,0.25,0.0001,True,2,1500,1,1,0.0002,0.154
False,1000,0.00019471013313854257,sim_001_rg2_variance0.000_sigma_x5_sigma_y1.csv,guinier_ff,True,"[500, 500]",0.075,0.25,0.0001,True,2,1500,5,1,0.0002,0.154
False,1000,0.00973550665693601,sim_002_rg2_variance0.010_sigma_x1_sigma_y1.csv,guinier_ff,True,"[500, 500]",0.075,0.25,0.0001,True,2,1500,1,1,0.01,0.154
False,1000,0.00973550665693601,sim_003_rg2_variance0.010_sigma_x5_sigma_y1.csv,guinier_ff,True,"[500, 500]",0.075,0.25,0.0001,True,2,1500,5,1,0.01,0.154
False,1000,0.0973550665693601,sim_004_rg2_variance0.100_sigma_x1_sigma_y1.csv,guinier_ff,True,"[500, 500]",0.075,0.25,0.0001,True,2,1500,1,1,0.1,0.154
False,1000,0.0973550665693601,sim_005_rg2_variance0.100_sigma_x5_sigma_y1.csv,guinier_ff,True,"[500, 500]",0.075,0.25,0.0001,True,2,1500,5,1,0.1,0.154
False,1000,0.292065199708083,sim_006_rg2_variance0.300_sigma_x1_sigma_y1.csv,guinier_ff,True,"[500, 500]",0.075,0.25,0.0001,True,2,1500,1,1,0.3,0.154
False,1000,0.292065199708083,sim_007_rg2_variance0.300_sigma_x5_sigma_y1.csv,guinier_ff,True,"[500, 500]",0.075,0.25,0.0001,True,2,1500,5,1,0.3,0.154
False,1000,0.5699250835624303,sim_008_rg2_variance0.600_sigma_x1_sigma_y1.csv,guinier_ff,True,"[500, 500]",0.075,0.25,0.0001,True,2,1500,1,1,0.6,0.154
False,1000,0.5699250835624303,sim_009_rg2_variance0.600_sigma_x5_sigma_y1.csv,guinier_ff,True,"[500, 500]",0.075,0.25,0.0001,True,2,1500,5,1,0.6,0.154
False,1000,0.00019471013314031893,sim_010_rg4_variance0.000_sigma_x1_sigma_y1.csv,guinier_ff,True,"[500, 500]",0.075,0.25,0.0001,True,4,1500,1,1,0.0002,0.154
False,1000,0.00019471013314031893,sim_011_rg4_variance0.000_sigma_x5_sigma_y1.csv,guinier_ff,True,"[500, 500]",0.075,0.25,0.0001,True,4,1500,5,1,0.0002,0.154
False,1000,0.009735506656937787,sim_012_rg4_variance0.010_sigma_x1_sigma_y1.csv,guinier_ff,True,"[500, 500]",0.075,0.25,0.0001,True,4,1500,1,1,0.01,0.154
False,1000,0.009735506656937787,sim_013_rg4_variance0.010_sigma_x5_sigma_y1.csv,guinier_ff,True,"[500, 500]",0.075,0.25,0.0001,True,4,1500,5,1,0.01,0.154
False,1000,0.09735506656936721,sim_014_rg4_variance0.100_sigma_x1_sigma_y1.csv,guinier_ff,True,"[500, 500]",0.075,0.25,0.0001,True,4,1500,1,1,0.1,0.154
False,1000,0.09735506656936721,sim_015_rg4_variance0.100_sigma_x5_sigma_y1.csv,guinier_ff,True,"[500, 500]",0.075,0.25,0.0001,True,4,1500,5,1,0.1,0.154
False,1000,0.2920651997080874,sim_016_rg4_variance0.300_sigma_x1_sigma_y1.csv,guinier_ff,True,"[500, 500]",0.075,0.25,0.0001,True,4,1500,1,1,0.3,0.154
False,1000,0.2920651997080874,sim_017_rg4_variance0.300_sigma_x5_sigma_y1.csv,guinier_ff,True,"[500, 500]",0.075,0.25,0.0001,True,4,1500,5,1,0.3,0.154
False,1000,0.5841303994161713,sim_018_rg4_variance0.600_sigma_x1_sigma_y1.csv,guinier_ff,True,"[500, 500]",0.075,0.25,0.0001,True,4,1500,1,1,0.6,0.154
False,1000,0.5841303994161713,sim_019_rg4_variance0.600_sigma_x5_sigma_y1.csv,guinier_ff,True,"[500, 500]",0.075,0.25,0.0001,True,4,1500,5,1,0.6,0.154
False,1000,0.00019471013313676622,sim_020_rg6_variance0.000_sigma_x1_sigma_y1.csv,guinier_ff,True,"[500, 500]",0.075,0.25,0.0001,True,6,1500,1,1,0.0002,0.154
False,1000,0.00019471013313676622,sim_021_rg6_variance0.000_sigma_x5_sigma_y1.csv,guinier_ff,True,"[500, 500]",0.075,0.25,0.0001,True,6,1500,5,1,0.0002,0.154
False,1000,0.009735506656937787,sim_022_rg6_variance0.010_sigma_x1_sigma_y1.csv,guinier_ff,True,"[500, 500]",0.075,0.25,0.0001,True,6,1500,1,1,0.01,0.154
False,1000,0.009735506656937787,sim_023_rg6_variance0.010_sigma_x5_sigma_y1.csv,guinier_ff,True,"[500, 500]",0.075,0.25,0.0001,True,6,1500,5,1,0.01,0.154
False,1000,0.09735506656936366,sim_024_rg6_variance0.100_sigma_x1_sigma_y1.csv,guinier_ff,True,"[500, 500]",0.075,0.25,0.0001,True,6,1500,1,1,0.1,0.154
False,1000,0.09735506656936366,sim_025_rg6_variance0.100_sigma_x5_sigma_y1.csv,guinier_ff,True,"[500, 500]",0.075,0.25,0.0001,True,6,1500,5,1,0.1,0.154
False,1000,0.29206519970808387,sim_026_rg6_variance0.300_sigma_x1_sigma_y1.csv,guinier_ff,True,"[500, 500]",0.075,0.25,0.0001,True,6,1500,1,1,0.3,0.154
False,1000,0.29206519970808387,sim_027_rg6_variance0.300_sigma_x5_sigma_y1.csv,guinier_ff,True,"[500, 500]",0.075,0.25,0.0001,True,6,1500,5,1,0.3,0.154
False,1000,0.5841303994161677,sim_028_rg6_variance0.600_sigma_x1_sigma_y1.csv,guinier_ff,True,"[500, 500]",0.075,0.25,0.0001,True,6,1500,1,1,0.6,0.154
False,1000,0.5841303994161677,sim_029_rg6_variance0.600_sigma_x5_sigma_y1.csv,guinier_ff,True,"[500, 500]",0.075,0.25,0.0001,True,6,1500,5,1,0.6,0.154
False,1000,0.7295071872936347,sim_000_rg2_variance0.800_sigma_x1_sigma_y1.csv,guinier_ff,True,"[500, 500]",0.075,0.25,0.0001,True,2,1500,1,1,0.8,0.154
False,1000,0.7295071872936347,sim_001_rg2_variance0.800_sigma_x5_sigma_y1.csv,guinier_ff,True,"[500, 500]",0.075,0.25,0.0001,True,2,1500,5,1,0.8,0.154
False,1000,1.006581287854436,sim_002_rg2_variance1.200_sigma_x1_sigma_y1.csv,guinier_ff,True,"[500, 500]",0.075,0.25,0.0001,True,2,1500,1,1,1.2,0.154
False,1000,1.006581287854436,sim_003_rg2_variance1.200_sigma_x5_sigma_y1.csv,guinier_ff,True,"[500, 500]",0.075,0.25,0.0001,True,2,1500,5,1,1.2,0.154
False,1000,1.4733963755298358,sim_004_rg2_variance2_sigma_x1_sigma_y1.csv,guinier_ff,True,"[500, 500]",0.075,0.25,0.0001,True,2,1500,1,1,2,0.154
False,1000,1.4733963755298358,sim_005_rg2_variance2_sigma_x5_sigma_y1.csv,guinier_ff,True,"[500, 500]",0.075,0.25,0.0001,True,2,1500,5,1,2,0.154
False,1000,0.7788405325548808,sim_006_rg4_variance0.800_sigma_x1_sigma_y1.csv,guinier_ff,True,"[500, 500]",0.075,0.25,0.0001,True,4,1500,1,1,0.8,0.154
False,1000,0.7788405325548808,sim_007_rg4_variance0.800_sigma_x5_sigma_y1.csv,guinier_ff,True,"[500, 500]",0.075,0.25,0.0001,True,4,1500,5,1,0.8,0.154
False,1000,1.168260798832332,sim_008_rg4_variance1.200_sigma_x1_sigma_y1.csv,guinier_ff,True,"[500, 500]",0.075,0.25,0.0001,True,4,1500,1,1,1.2,0.154
False,1000,1.168260798832332,sim_009_rg4_variance1.200_sigma_x5_sigma_y1.csv,guinier_ff,True,"[500, 500]",0.075,0.25,0.0001,True,4,1500,5,1,1.2,0.154
False,1000,1.932315457673969,sim_010_rg4_variance2_sigma_x1_sigma_y1.csv,guinier_ff,True,"[500, 500]",0.075,0.25,0.0001,True,4,1500,1,1,2,0.154
False,1000,1.932315457673969,sim_011_rg4_variance2_sigma_x5_sigma_y1.csv,guinier_ff,True,"[500, 500]",0.075,0.25,0.0001,True,4,1500,5,1,2,0.154
False,1000,0.7788405325548808,sim_012_rg6_variance0.800_sigma_x1_sigma_y1.csv,guinier_ff,True,"[500, 500]",0.075,0.25,0.0001,True,6,1500,1,1,0.8,0.154
False,1000,0.7788405325548808,sim_013_rg6_variance0.800_sigma_x5_sigma_y1.csv,guinier_ff,True,"[500, 500]",0.075,0.25,0.0001,True,6,1500,5,1,0.8,0.154
False,1000,1.1682607988323355,sim_014_rg6_variance1.200_sigma_x1_sigma_y1.csv,guinier_ff,True,"[500, 500]",0.075,0.25,0.0001,True,6,1500,1,1,1.2,0.154
False,1000,1.1682607988323355,sim_015_rg6_variance1.200_sigma_x5_sigma_y1.csv,guinier_ff,True,"[500, 500]",0.075,0.25,0.0001,True,6,1500,5,1,1.2,0.154
False,1000,1.9471013313872163,sim_016_rg6_variance2_sigma_x1_sigma_y1.csv,guinier_ff,True,"[500, 500]",0.075,0.25,0.0001,True,6,1500,1,1,2,0.154
False,1000,1.9471013313872163,sim_017_rg6_variance2_sigma_x5_sigma_y1.csv,guinier_ff,True,"[500, 500]",0.075,0.25,0.0001,True,6,1500,5,1,2,0.154
